[{"type":"phone","model":"Samsung Galaxy A51 2020 A515F 6/128Gb Metallic Silver", "price":"6999", "img":"https://i.allo.ua/media/catalog/product/cache/3/image/524x494/602f0fa2c1f0d1ba5e241f914e856ff9/s/m/sm_a515_galaxya51_2ndwave_silver_back_0_1.jpg"},
{"type":"phone","model":"Apple iPhone 11 64Gb Black (MHDA3) Slim Box", "price":"21499", "img":"https://i.allo.ua/media/catalog/product/cache/3/image/524x494/602f0fa2c1f0d1ba5e241f914e856ff9/4/8/48559a6ce9a4251b3bd0f4a6fde96a9e_1_1.jpg"},
{"type":"phone","model":"Samsung Galaxy A31 2020 A315F 4/64Gb Blue", "price":"5999", "img":"https://i.allo.ua/media/catalog/product/cache/3/image/524x494/602f0fa2c1f0d1ba5e241f914e856ff9/s/a/samsung_sm_a315fzbusek_images_17537537149_1.jpg"}
]