[{"type":"phone","model":"Samsung Galaxy A51 2020 A515F 6/128Gb Metallic Silver", "price":"6999", "img":"https://i.allo.ua/media/catalog/product/cache/3/image/524x494/602f0fa2c1f0d1ba5e241f914e856ff9/s/m/sm_a515_galaxya51_2ndwave_silver_back_0_1.jpg"},
    {"type":"laptop","model":"Ноутбук Acer Aspire 3 A315-57G Black", "price":"18999", "img":"https://i.allo.ua/media/catalog/product/cache/3/image/524x494/602f0fa2c1f0d1ba5e241f914e856ff9/import/154751566537689.jpg"},
    {"type":"tablet","model":"Samsung Galaxy Tab S6 Lite 10.5", "price":"10999", "img":"https://i.allo.ua/media/catalog/product/cache/3/image/524x494/602f0fa2c1f0d1ba5e241f914e856ff9/s/a/samsung_galaxy_tab_a7_10.4_wifi_sm-t500nzaasek_grey_1_2.jpg"}
    ]